{
  "benchmark_name": "llama",
  "timestamp": 1759000803.9298985,
  "results": {
    "runs_cpu": [
      {
        "type": "cpu",
        "prompt_size": 512,
        "generation_size": 64,
        "ngl": 0,
        "returncode": 0,
        "elapsed_seconds": 30.489885006999884,
        "metrics": {
          "system_info": {
            "cpu_info": "AMD Ryzen AI 9 365 w/ Radeon 880M",
            "gpu_info": "",
            "backends": "CPU",
            "model_type": "qwen3 4B IQ4_NL - 4.5 bpw",
            "model_size": 2375386624,
            "model_n_params": 4022468096,
            "n_threads": 10,
            "n_gpu_layers": 99
          },
          "prompt_processing": {
            "avg_time_ns": 3249542957,
            "avg_tokens_per_sec": 157.562243,
            "stddev_time_ns": 11662050,
            "stddev_tokens_per_sec": 0.565497,
            "avg_time_ms": 3249.542957,
            "samples_ns": [
              3239023913,
              3258898222,
              3262879743,
              3236606071,
              3250306840
            ],
            "samples_ts": [
              158.072,
              157.108,
              156.917,
              158.19,
              157.524
            ]
          },
          "generation": {
            "avg_time_ns": 2091179294,
            "avg_tokens_per_sec": 30.60483,
            "stddev_time_ns": 3986494,
            "stddev_tokens_per_sec": 0.058346,
            "avg_time_ms": 2091.179294,
            "samples_ns": [
              2096290853,
              2091385697,
              2093338039,
              2088986711,
              2085895172
            ],
            "samples_ts": [
              30.5301,
              30.6017,
              30.5732,
              30.6369,
              30.6823
            ]
          },
          "tokens_per_second": 30.60483,
          "total_time_ms": 5340.722251
        },
        "essential_info": {
          "build_commit": "4807e8f",
          "model_type": "qwen3 4B IQ4_NL - 4.5 bpw",
          "backends": "CPU",
          "test_time": "2025-09-27T19:18:05Z"
        }
      }
    ],
    "runs_gpu": [
      {
        "type": "gpu",
        "prompt_size": 512,
        "generation_size": 512,
        "ngl": 99,
        "returncode": 0,
        "elapsed_seconds": 87.8239172499998,
        "metrics": {
          "system_info": {
            "cpu_info": "AMD Ryzen AI 9 365 w/ Radeon 880M",
            "gpu_info": "AMD Radeon Graphics",
            "backends": "Vulkan",
            "model_type": "qwen3 4B IQ4_NL - 4.5 bpw",
            "model_size": 2375386624,
            "model_n_params": 4022468096,
            "n_threads": 10,
            "n_gpu_layers": 99
          },
          "prompt_processing": {
            "avg_time_ns": 1056953692,
            "avg_tokens_per_sec": 484.419894,
            "stddev_time_ns": 5057939,
            "stddev_tokens_per_sec": 2.322059,
            "avg_time_ms": 1056.953692,
            "samples_ns": [
              1061835616,
              1059727445,
              1060126790,
              1050513543,
              1052565066
            ],
            "samples_ts": [
              482.184,
              483.143,
              482.961,
              487.381,
              486.431
            ]
          },
          "generation": {
            "avg_time_ns": 16180379997,
            "avg_tokens_per_sec": 31.647736,
            "stddev_time_ns": 215115033,
            "stddev_tokens_per_sec": 0.420653,
            "avg_time_ms": 16180.379997,
            "samples_ns": [
              15995244603,
              15943298325,
              16168058048,
              16392594638,
              16402704373
            ],
            "samples_ts": [
              32.0095,
              32.1138,
              31.6674,
              31.2336,
              31.2144
            ]
          },
          "tokens_per_second": 31.647736,
          "total_time_ms": 17237.333689
        },
        "essential_info": {
          "build_commit": "4807e8f",
          "model_type": "qwen3 4B IQ4_NL - 4.5 bpw",
          "backends": "Vulkan",
          "test_time": "2025-09-27T19:18:36Z"
        },
        "gpu_device": {
          "index": 0,
          "name": "AMD Radeon Graphics",
          "driver": "RADV GFX1150",
          "icd_path": null
        }
      }
    ],
    "device_runs": [
      {
        "device_name": "AMD Radeon Graphics",
        "device_index": 0,
        "device_driver": "RADV GFX1150",
        "device_type": "gpu",
        "runs": [
          {
            "prompt_size": 512,
            "generation_size": 512,
            "ngl": 99,
            "returncode": 0,
            "elapsed_seconds": 87.8239172499998,
            "success": true,
            "metrics": {
              "system_info": {
                "cpu_info": "AMD Ryzen AI 9 365 w/ Radeon 880M",
                "gpu_info": "AMD Radeon Graphics",
                "backends": "Vulkan",
                "model_type": "qwen3 4B IQ4_NL - 4.5 bpw",
                "model_size": 2375386624,
                "model_n_params": 4022468096,
                "n_threads": 10,
                "n_gpu_layers": 99
              },
              "prompt_processing": {
                "avg_time_ns": 1056953692,
                "avg_tokens_per_sec": 484.419894,
                "stddev_time_ns": 5057939,
                "stddev_tokens_per_sec": 2.322059,
                "avg_time_ms": 1056.953692,
                "samples_ns": [
                  1061835616,
                  1059727445,
                  1060126790,
                  1050513543,
                  1052565066
                ],
                "samples_ts": [
                  482.184,
                  483.143,
                  482.961,
                  487.381,
                  486.431
                ]
              },
              "generation": {
                "avg_time_ns": 16180379997,
                "avg_tokens_per_sec": 31.647736,
                "stddev_time_ns": 215115033,
                "stddev_tokens_per_sec": 0.420653,
                "avg_time_ms": 16180.379997,
                "samples_ns": [
                  15995244603,
                  15943298325,
                  16168058048,
                  16392594638,
                  16402704373
                ],
                "samples_ts": [
                  32.0095,
                  32.1138,
                  31.6674,
                  31.2336,
                  31.2144
                ]
              },
              "tokens_per_second": 31.647736,
              "total_time_ms": 17237.333689
            },
            "essential_info": {
              "build_commit": "4807e8f",
              "model_type": "qwen3 4B IQ4_NL - 4.5 bpw",
              "backends": "Vulkan",
              "test_time": "2025-09-27T19:18:36Z"
            }
          }
        ],
        "success": true
      }
    ],
    "gpu_selection": {
      "device_index": null,
      "vk_driver_files": null,
      "available_gpus": [
        {
          "index": 0,
          "name": "AMD Radeon Graphics",
          "driver": "RADV GFX1150",
          "icd_path": null
        }
      ]
    },
    "cpu_build_timing": {
      "config_time_seconds": 0.8540973900001063,
      "build_time_seconds": 63.881809100000055,
      "total_time_seconds": 64.73590649000016
    }
  }
}